,formulaA,formulaB,Stability Vector
0,As,He,"[1.0,0.0,0.0,0.0,0.0,0.0,0.0,0.0,0.0,0.0,1.0]"
1,Bi,He,"[1.0,0.0,0.0,0.0,0.0,0.0,0.0,0.0,0.0,0.0,1.0]"
2,Eu,He,"[1.0,0.0,0.0,0.0,0.0,0.0,0.0,0.0,0.0,0.0,1.0]"
3,Hg,He,"[1.0,0.0,0.0,0.0,0.0,0.0,0.0,0.0,0.0,0.0,1.0]"
4,Kr,He,"[1.0,0.0,0.0,0.0,0.0,0.0,0.0,0.0,0.0,0.0,1.0]"
5,Rh,He,"[1.0,0.0,0.0,0.0,0.0,0.0,0.0,0.0,0.0,0.0,1.0]"
6,Tm,He,"[1.0,0.0,0.0,0.0,0.0,0.0,0.0,0.0,0.0,0.0,1.0]"
7,Al,Ne,"[1.0,0.0,0.0,0.0,0.0,0.0,0.0,0.0,0.0,0.0,1.0]"
8,As,Ne,"[1.0,0.0,0.0,0.0,0.0,0.0,0.0,0.0,0.0,0.0,1.0]"
9,Er,Ne,"[1.0,0.0,0.0,0.0,0.0,0.0,0.0,0.0,0.0,0.0,1.0]"
10,Na,Ne,"[1.0,0.0,0.0,0.0,0.0,0.0,0.0,0.0,0.0,0.0,1.0]"
11,Nd,Ne,"[1.0,0.0,0.0,0.0,0.0,0.0,0.0,0.0,0.0,0.0,1.0]"
12,Re,Ne,"[1.0,0.0,0.0,0.0,0.0,0.0,0.0,0.0,0.0,0.0,1.0]"
13,Ta,Ne,"[1.0,0.0,0.0,0.0,0.0,0.0,0.0,0.0,0.0,0.0,1.0]"
14,Te,Ne,"[1.0,0.0,0.0,0.0,0.0,0.0,0.0,0.0,0.0,0.0,1.0]"
15,Ti,Ne,"[1.0,0.0,0.0,1.0,0.0,0.0,0.0,0.0,0.0,0.0,1.0]"
16,W,Ne,"[1.0,0.0,0.0,0.0,0.0,0.0,0.0,0.0,0.0,0.0,1.0]"
17,Y,Ne,"[1.0,0.0,0.0,0.0,0.0,0.0,0.0,0.0,0.0,0.0,1.0]"
18,Br,Ar,"[1.0,0.0,0.0,0.0,0.0,0.0,0.0,0.0,0.0,0.0,1.0]"
19,C,Ar,"[1.0,0.0,0.0,0.0,0.0,0.0,0.0,0.0,0.0,0.0,1.0]"
20,Ce,Ar,"[1.0,0.0,0.0,0.0,0.0,0.0,0.0,0.0,0.0,0.0,1.0]"
21,K,Ar,"[1.0,0.0,0.0,0.0,0.0,0.0,0.0,0.0,0.0,0.0,1.0]"
22,Mn,Ar,"[1.0,0.0,0.0,0.0,0.0,0.0,0.0,0.0,0.0,0.0,1.0]"
23,Mo,Ar,"[1.0,0.0,0.0,0.0,0.0,0.0,0.0,0.0,0.0,0.0,1.0]"
24,Na,Ar,"[1.0,0.0,0.0,0.0,0.0,0.0,0.0,0.0,0.0,0.0,1.0]"
25,Os,Ar,"[1.0,0.0,0.0,0.0,0.0,0.0,0.0,0.0,0.0,0.0,1.0]"
26,Ru,Ar,"[1.0,0.0,0.0,0.0,0.0,0.0,0.0,0.0,0.0,0.0,1.0]"
27,Tm,Ar,"[1.0,0.0,0.0,0.0,0.0,0.0,0.0,0.0,0.0,0.0,1.0]"
28,Al,Kr,"[1.0,0.0,0.0,0.0,0.0,0.0,0.0,0.0,0.0,0.0,1.0]"
29,As,Kr,"[1.0,0.0,0.0,0.0,0.0,0.0,0.0,0.0,0.0,0.0,1.0]"
30,Bi,Kr,"[1.0,0.0,0.0,0.0,0.0,0.0,0.0,0.0,0.0,0.0,1.0]"
31,Ca,Kr,"[1.0,0.0,0.0,0.0,0.0,0.0,0.0,0.0,0.0,0.0,1.0]"
32,Ce,Kr,"[1.0,0.0,0.0,0.0,0.0,0.0,0.0,0.0,0.0,0.0,1.0]"
33,Cs,Kr,"[1.0,0.0,0.0,0.0,0.0,0.0,0.0,0.0,0.0,0.0,1.0]"
34,Dy,Kr,"[1.0,0.0,0.0,0.0,0.0,0.0,0.0,0.0,0.0,0.0,1.0]"
35,Eu,Kr,"[1.0,0.0,0.0,0.0,0.0,0.0,0.0,0.0,0.0,0.0,1.0]"
36,Gd,Kr,"[1.0,0.0,0.0,0.0,0.0,0.0,0.0,0.0,0.0,0.0,1.0]"
37,Ho,Kr,"[1.0,0.0,0.0,0.0,0.0,0.0,0.0,0.0,0.0,0.0,1.0]"
38,La,Kr,"[1.0,0.0,0.0,0.0,0.0,0.0,0.0,0.0,0.0,0.0,1.0]"
39,Nb,Kr,"[1.0,0.0,0.0,0.0,0.0,0.0,0.0,0.0,0.0,0.0,1.0]"
40,Np,Kr,"[1.0,0.0,0.0,0.0,0.0,0.0,0.0,0.0,0.0,0.0,1.0]"
41,Pm,Kr,"[1.0,0.0,0.0,0.0,0.0,0.0,0.0,0.0,0.0,0.0,1.0]"
42,Er,Xe,"[1.0,0.0,0.0,0.0,0.0,0.0,0.0,0.0,0.0,0.0,1.0]"
43,Ga,Xe,"[1.0,0.0,0.0,0.0,0.0,0.0,0.0,0.0,0.0,0.0,1.0]"
44,He,Xe,"[1.0,0.0,0.0,0.0,0.0,0.0,0.0,0.0,0.0,0.0,1.0]"
45,K,Xe,"[1.0,0.0,0.0,0.0,0.0,0.0,0.0,0.0,1.0,0.0,1.0]"
46,Rb,Xe,"[1.0,0.0,0.0,0.0,0.0,0.0,0.0,0.0,0.0,0.0,1.0]"
47,Sc,Xe,"[1.0,0.0,0.0,0.0,0.0,0.0,0.0,0.0,0.0,0.0,1.0]"
48,Se,Xe,"[1.0,0.0,0.0,0.0,0.0,0.0,0.0,0.0,0.0,0.0,1.0]"
49,Te,Xe,"[1.0,0.0,0.0,0.0,0.0,0.0,0.0,0.0,0.0,0.0,1.0]"
50,Tm,Xe,"[1.0,0.0,0.0,0.0,0.0,0.0,0.0,0.0,0.0,0.0,1.0]"
51,Ar,Cs,"[1.0,0.0,0.0,0.0,0.0,0.0,0.0,0.0,0.0,0.0,1.0]"
52,Er,Cs,"[1.0,0.0,0.0,0.0,0.0,0.0,0.0,0.0,0.0,0.0,1.0]"
53,Ga,Cs,"[1.0,0.0,0.0,0.0,0.0,0.0,1.0,1.0,1.0,0.0,1.0]"
54,Ge,Cs,"[1.0,0.0,0.0,0.0,0.0,1.0,1.0,0.0,0.0,0.0,1.0]"
55,I,Cs,"[1.0,0.0,0.0,0.0,0.0,1.0,0.0,0.0,1.0,0.0,1.0]"
56,Li,Cs,"[1.0,0.0,0.0,0.0,0.0,0.0,0.0,0.0,0.0,0.0,1.0]"
57,Pm,Cs,"[1.0,0.0,0.0,0.0,0.0,0.0,0.0,0.0,0.0,0.0,1.0]"
58,Pr,Cs,"[1.0,0.0,0.0,0.0,0.0,0.0,0.0,0.0,0.0,0.0,1.0]"
59,Pt,Cs,"[1.0,0.0,0.0,0.0,0.0,0.0,0.0,0.0,0.0,0.0,1.0]"
60,Sb,Cs,"[1.0,0.0,0.0,1.0,0.0,0.0,1.0,1.0,0.0,0.0,1.0]"
61,Sc,Cs,"[1.0,0.0,0.0,0.0,0.0,0.0,0.0,0.0,0.0,0.0,1.0]"
62,Sm,Cs,"[1.0,0.0,0.0,0.0,0.0,0.0,0.0,0.0,0.0,0.0,1.0]"
63,Sn,Cs,"[1.0,0.0,0.0,1.0,0.0,0.0,1.0,1.0,0.0,0.0,1.0]"
64,Te,Cs,"[1.0,0.0,0.0,0.0,0.0,1.0,1.0,0.0,0.0,0.0,1.0]"
65,Al,Rb,"[1.0,0.0,0.0,0.0,0.0,0.0,0.0,0.0,0.0,0.0,1.0]"
66,Bi,Rb,"[1.0,0.0,0.0,0.0,0.0,0.0,1.0,1.0,0.0,0.0,1.0]"
67,Li,Rb,"[1.0,0.0,0.0,0.0,0.0,0.0,0.0,0.0,0.0,0.0,1.0]"
68,Sc,Rb,"[1.0,0.0,0.0,0.0,0.0,0.0,0.0,0.0,0.0,0.0,1.0]"
69,Te,Rb,"[1.0,0.0,0.0,0.0,0.0,1.0,1.0,0.0,0.0,0.0,1.0]"
70,U,Rb,"[1.0,0.0,0.0,0.0,0.0,0.0,0.0,0.0,0.0,0.0,1.0]"
71,W,Rb,"[1.0,0.0,0.0,0.0,0.0,0.0,0.0,0.0,0.0,0.0,1.0]"
72,Be,K,"[1.0,0.0,0.0,0.0,0.0,0.0,0.0,0.0,0.0,0.0,1.0]"
73,Er,K,"[1.0,0.0,0.0,0.0,0.0,0.0,0.0,0.0,0.0,0.0,1.0]"
74,I,K,"[1.0,0.0,0.0,0.0,0.0,1.0,0.0,0.0,1.0,0.0,1.0]"
75,Mg,K,"[1.0,0.0,0.0,0.0,0.0,0.0,0.0,0.0,0.0,0.0,1.0]"
76,Pd,K,"[1.0,0.0,0.0,0.0,0.0,0.0,0.0,0.0,0.0,0.0,1.0]"
77,Pr,K,"[1.0,0.0,0.0,0.0,0.0,0.0,0.0,0.0,0.0,0.0,1.0]"
78,Zn,K,"[1.0,0.0,0.0,0.0,0.0,0.0,0.0,0.0,0.0,0.0,1.0]"
79,As,Ba,"[1.0,0.0,0.0,1.0,1.0,1.0,1.0,1.0,1.0,0.0,1.0]"
80,Ga,Ba,"[1.0,0.0,0.0,1.0,0.0,0.0,1.0,1.0,0.0,0.0,1.0]"
81,K,Ba,"[1.0,0.0,0.0,0.0,0.0,0.0,0.0,0.0,0.0,0.0,1.0]"
82,Kr,Ba,"[1.0,0.0,0.0,0.0,0.0,0.0,0.0,0.0,0.0,0.0,1.0]"
83,Li,Ba,"[1.0,0.0,0.0,0.0,0.0,0.0,0.0,1.0,0.0,1.0,1.0]"
84,Pb,Ba,"[1.0,0.0,0.0,1.0,0.0,1.0,0.0,1.0,0.0,0.0,1.0]"
85,As,Sr,"[1.0,0.0,0.0,1.0,1.0,1.0,1.0,1.0,1.0,0.0,1.0]"
86,K,Sr,"[1.0,0.0,0.0,0.0,0.0,0.0,0.0,0.0,0.0,0.0,1.0]"
87,Np,Sr,"[1.0,0.0,0.0,0.0,0.0,0.0,0.0,0.0,0.0,0.0,1.0]"
88,Rh,Sr,"[1.0,0.0,0.0,0.0,0.0,0.0,0.0,0.0,0.0,0.0,1.0]"
89,S,Sr,"[1.0,0.0,0.0,0.0,0.0,1.0,0.0,1.0,0.0,0.0,1.0]"
90,Th,Sr,"[1.0,0.0,0.0,0.0,0.0,0.0,0.0,0.0,0.0,0.0,1.0]"
91,Zn,Sr,"[1.0,0.0,0.0,0.0,0.0,1.0,0.0,1.0,1.0,1.0,1.0]"
92,Al,Eu,"[1.0,0.0,0.0,0.0,0.0,0.0,0.0,1.0,0.0,0.0,1.0]"
93,Ba,Eu,"[1.0,0.0,0.0,0.0,0.0,0.0,0.0,0.0,0.0,0.0,1.0]"
94,Lu,Eu,"[1.0,0.0,0.0,0.0,0.0,0.0,0.0,0.0,0.0,0.0,1.0]"
95,Mg,Eu,"[1.0,0.0,0.0,0.0,0.0,0.0,0.0,0.0,0.0,0.0,1.0]"
96,Os,Eu,"[1.0,0.0,0.0,0.0,0.0,0.0,0.0,1.0,0.0,0.0,1.0]"
97,Pa,Eu,"[1.0,0.0,0.0,0.0,0.0,0.0,0.0,0.0,0.0,0.0,1.0]"
98,Pt,Eu,"[1.0,0.0,0.0,0.0,0.0,1.0,1.0,1.0,1.0,0.0,1.0]"
99,Ru,Eu,"[1.0,0.0,0.0,0.0,0.0,0.0,0.0,1.0,0.0,0.0,1.0]"
100,Ta,Eu,"[1.0,0.0,0.0,0.0,0.0,0.0,0.0,0.0,0.0,0.0,1.0]"
101,Ti,Eu,"[1.0,0.0,0.0,0.0,0.0,0.0,0.0,0.0,0.0,0.0,1.0]"
102,Xe,Eu,"[1.0,0.0,0.0,0.0,0.0,0.0,0.0,0.0,0.0,0.0,1.0]"
103,Zn,Eu,"[1.0,0.0,0.0,0.0,0.0,0.0,0.0,1.0,1.0,1.0,1.0]"
104,C,Yb,"[1.0,0.0,0.0,0.0,0.0,0.0,1.0,0.0,0.0,0.0,1.0]"
105,Pr,Yb,"[1.0,0.0,0.0,0.0,0.0,0.0,0.0,0.0,0.0,0.0,1.0]"
106,Rb,Yb,"[1.0,0.0,0.0,0.0,0.0,0.0,0.0,0.0,0.0,0.0,1.0]"
107,Ru,Yb,"[1.0,0.0,0.0,0.0,0.0,0.0,0.0,1.0,0.0,0.0,1.0]"
108,Sc,Yb,"[1.0,0.0,0.0,0.0,0.0,0.0,0.0,0.0,0.0,0.0,1.0]"
109,Si,Yb,"[1.0,0.0,0.0,0.0,0.0,1.0,0.0,0.0,0.0,0.0,1.0]"
110,Ba,Ca,"[1.0,0.0,0.0,0.0,0.0,0.0,0.0,0.0,0.0,0.0,1.0]"
111,Co,Ca,"[1.0,0.0,0.0,0.0,0.0,0.0,0.0,0.0,0.0,0.0,1.0]"
112,He,Ca,"[1.0,0.0,0.0,0.0,0.0,0.0,0.0,0.0,0.0,0.0,1.0]"
113,In,Ca,"[1.0,0.0,0.0,0.0,1.0,1.0,0.0,1.0,0.0,0.0,1.0]"
114,Mo,Ca,"[1.0,0.0,0.0,0.0,0.0,0.0,0.0,0.0,0.0,0.0,1.0]"
115,Rb,Ca,"[1.0,0.0,0.0,0.0,0.0,0.0,0.0,0.0,0.0,0.0,1.0]"
116,Tb,Ca,"[1.0,0.0,0.0,0.0,0.0,0.0,0.0,0.0,0.0,0.0,1.0]"
117,Te,Ca,"[1.0,0.0,0.0,0.0,0.0,1.0,0.0,0.0,0.0,0.0,1.0]"
118,Zn,Ca,"[1.0,0.0,0.0,0.0,0.0,1.0,0.0,1.0,1.0,0.0,1.0]"
119,Cd,I,"[1.0,0.0,0.0,1.0,0.0,0.0,0.0,0.0,0.0,0.0,1.0]"
120,Er,I,"[1.0,0.0,0.0,1.0,0.0,0.0,0.0,0.0,0.0,0.0,1.0]"
121,Ge,I,"[1.0,0.0,1.0,1.0,0.0,0.0,0.0,0.0,0.0,0.0,1.0]"
122,He,I,"[1.0,0.0,0.0,0.0,0.0,0.0,0.0,0.0,0.0,0.0,1.0]"
123,Ir,I,"[1.0,0.0,0.0,0.0,0.0,0.0,0.0,0.0,0.0,0.0,1.0]"
124,Kr,I,"[1.0,0.0,0.0,0.0,0.0,0.0,0.0,0.0,0.0,0.0,1.0]"
125,Mg,I,"[1.0,0.0,0.0,1.0,0.0,0.0,0.0,0.0,0.0,0.0,1.0]"
126,Mn,I,"[1.0,0.0,0.0,0.0,0.0,0.0,0.0,0.0,0.0,0.0,1.0]"
127,Mo,I,"[1.0,0.0,1.0,1.0,0.0,0.0,0.0,1.0,0.0,0.0,1.0]"
128,Sb,I,"[1.0,0.0,0.0,1.0,0.0,1.0,0.0,0.0,0.0,0.0,1.0]"
129,Zn,I,"[1.0,0.0,0.0,1.0,0.0,0.0,0.0,0.0,0.0,0.0,1.0]"
130,Kr,Br,"[1.0,0.0,0.0,0.0,0.0,0.0,0.0,0.0,0.0,0.0,1.0]"
131,Na,Br,"[1.0,0.0,0.0,1.0,0.0,1.0,0.0,1.0,0.0,0.0,1.0]"
132,Rh,Br,"[1.0,0.0,0.0,1.0,0.0,0.0,0.0,0.0,0.0,0.0,1.0]"
133,Sm,Br,"[1.0,0.0,0.0,1.0,0.0,0.0,0.0,0.0,0.0,0.0,1.0]"
134,Tb,Br,"[1.0,0.0,0.0,1.0,0.0,0.0,0.0,0.0,0.0,0.0,1.0]"
135,Tc,Br,"[1.0,0.0,0.0,0.0,0.0,0.0,0.0,0.0,0.0,0.0,1.0]"
136,Xe,Br,"[1.0,0.0,0.0,0.0,0.0,0.0,0.0,0.0,0.0,0.0,1.0]"
137,Zn,Br,"[1.0,0.0,0.0,1.0,0.0,0.0,0.0,0.0,0.0,0.0,1.0]"
138,Ca,Na,"[1.0,0.0,0.0,0.0,0.0,0.0,0.0,0.0,0.0,0.0,1.0]"
139,I,Na,"[1.0,0.0,0.0,0.0,0.0,1.0,0.0,0.0,0.0,0.0,1.0]"
140,In,Na,"[1.0,0.0,0.0,0.0,0.0,1.0,0.0,1.0,0.0,0.0,1.0]"
141,Pd,Na,"[1.0,0.0,0.0,0.0,0.0,0.0,0.0,0.0,1.0,1.0,1.0]"
142,Rb,Na,"[1.0,0.0,0.0,0.0,0.0,0.0,0.0,0.0,0.0,0.0,1.0]"
143,Sb,Na,"[1.0,0.0,0.0,0.0,0.0,1.0,0.0,1.0,0.0,0.0,1.0]"
144,Sr,Na,"[1.0,0.0,0.0,1.0,0.0,0.0,0.0,0.0,0.0,0.0,1.0]"
145,Ti,Na,"[1.0,0.0,0.0,0.0,0.0,0.0,0.0,0.0,0.0,0.0,1.0]"
146,Yb,Na,"[1.0,0.0,0.0,0.0,0.0,0.0,0.0,0.0,0.0,0.0,1.0]"
147,Cd,La,"[1.0,0.0,0.0,0.0,0.0,1.0,0.0,1.0,1.0,0.0,1.0]"
148,Dy,La,"[1.0,0.0,0.0,0.0,0.0,0.0,0.0,0.0,0.0,0.0,1.0]"
149,Ir,La,"[1.0,0.0,0.0,0.0,1.0,1.0,1.0,1.0,1.0,0.0,1.0]"
150,Pd,La,"[1.0,0.0,0.0,0.0,0.0,0.0,0.0,0.0,1.0,0.0,1.0]"
151,Pm,La,"[1.0,0.0,0.0,0.0,0.0,0.0,0.0,0.0,0.0,0.0,1.0]"
152,Se,La,"[1.0,0.0,0.0,0.0,0.0,1.0,1.0,0.0,0.0,0.0,1.0]"
153,Ta,La,"[1.0,0.0,0.0,0.0,0.0,0.0,0.0,0.0,0.0,0.0,1.0]"
154,Th,La,"[1.0,0.0,0.0,0.0,0.0,0.0,0.0,0.0,0.0,0.0,1.0]"
155,Er,Ac,"[1.0,0.0,0.0,0.0,0.0,0.0,0.0,0.0,0.0,0.0,1.0]"
156,Gd,Ac,"[1.0,0.0,0.0,0.0,0.0,0.0,0.0,0.0,0.0,0.0,1.0]"
157,Kr,Ac,"[1.0,0.0,0.0,0.0,0.0,0.0,0.0,0.0,0.0,0.0,1.0]"
158,Ru,Ac,"[1.0,0.0,0.0,0.0,0.0,0.0,0.0,0.0,0.0,0.0,1.0]"
159,Xe,Ac,"[1.0,0.0,0.0,0.0,0.0,0.0,0.0,0.0,0.0,0.0,1.0]"
160,Al,Bi,"[1.0,0.0,0.0,0.0,0.0,0.0,0.0,0.0,1.0,0.0,1.0]"
161,Be,Bi,"[1.0,0.0,0.0,0.0,0.0,0.0,0.0,0.0,0.0,0.0,1.0]"
162,Ca,Bi,"[1.0,0.0,0.0,1.0,1.0,1.0,1.0,0.0,0.0,0.0,1.0]"
163,Cd,Bi,"[1.0,0.0,0.0,0.0,0.0,0.0,0.0,0.0,0.0,0.0,1.0]"
164,I,Bi,"[1.0,0.0,0.0,0.0,0.0,0.0,1.0,0.0,1.0,0.0,1.0]"
165,In,Bi,"[1.0,0.0,0.0,0.0,0.0,0.0,0.0,0.0,0.0,0.0,1.0]"
166,Ir,Bi,"[1.0,0.0,0.0,0.0,0.0,0.0,0.0,0.0,0.0,0.0,1.0]"
167,Li,Bi,"[1.0,0.0,0.0,0.0,0.0,1.0,0.0,0.0,1.0,0.0,1.0]"
168,Pt,Bi,"[1.0,0.0,0.0,1.0,0.0,0.0,0.0,0.0,0.0,0.0,1.0]"
169,Rh,Bi,"[1.0,0.0,0.0,1.0,0.0,0.0,0.0,0.0,0.0,0.0,1.0]"
170,Tc,Bi,"[1.0,0.0,0.0,0.0,0.0,0.0,0.0,0.0,0.0,0.0,1.0]"
171,Zn,Bi,"[1.0,0.0,0.0,0.0,0.0,0.0,0.0,0.0,0.0,0.0,1.0]"
172,Ca,Pr,"[1.0,0.0,0.0,0.0,0.0,0.0,0.0,0.0,0.0,0.0,1.0]"
173,Li,Pr,"[1.0,0.0,0.0,0.0,0.0,0.0,0.0,0.0,0.0,0.0,1.0]"
174,Ta,Pr,"[1.0,0.0,0.0,0.0,0.0,0.0,0.0,0.0,0.0,0.0,1.0]"
175,Th,Pr,"[1.0,0.0,0.0,0.0,0.0,0.0,0.0,0.0,0.0,0.0,1.0]"
176,Cr,Ce,"[1.0,0.0,0.0,0.0,0.0,0.0,0.0,0.0,0.0,0.0,1.0]"
177,In,Ce,"[1.0,0.0,0.0,0.0,0.0,1.0,0.0,0.0,1.0,0.0,1.0]"
178,K,Ce,"[1.0,0.0,0.0,0.0,0.0,0.0,0.0,0.0,0.0,0.0,1.0]"
179,Mn,Ce,"[1.0,0.0,0.0,0.0,0.0,0.0,0.0,0.0,0.0,0.0,1.0]"
180,Np,Ce,"[1.0,0.0,0.0,0.0,0.0,0.0,0.0,0.0,0.0,0.0,1.0]"
181,Pr,Ce,"[1.0,0.0,0.0,0.0,0.0,0.0,0.0,0.0,0.0,0.0,1.0]"
182,Rb,Ce,"[1.0,0.0,0.0,0.0,0.0,0.0,0.0,0.0,0.0,0.0,1.0]"
183,Th,Ce,"[1.0,0.0,0.0,0.0,0.0,0.0,0.0,0.0,0.0,0.0,1.0]"
184,Gd,Nd,"[1.0,0.0,0.0,0.0,0.0,0.0,0.0,0.0,0.0,0.0,1.0]"
185,Mo,Nd,"[1.0,0.0,0.0,0.0,0.0,0.0,0.0,0.0,0.0,0.0,1.0]"
186,Pm,Nd,"[1.0,0.0,0.0,0.0,0.0,0.0,0.0,0.0,0.0,0.0,1.0]"
187,Si,Nd,"[1.0,0.0,0.0,0.0,1.0,1.0,0.0,1.0,0.0,0.0,1.0]"
188,Ti,Nd,"[1.0,0.0,0.0,0.0,0.0,0.0,0.0,0.0,0.0,0.0,1.0]"
189,W,Nd,"[1.0,0.0,0.0,0.0,0.0,0.0,0.0,0.0,0.0,0.0,1.0]"
190,Xe,Nd,"[1.0,0.0,0.0,0.0,0.0,0.0,0.0,0.0,0.0,0.0,1.0]"
191,Cd,Sm,"[1.0,0.0,0.0,0.0,1.0,1.0,0.0,1.0,1.0,0.0,1.0]"
192,I,Sm,"[1.0,0.0,0.0,0.0,0.0,0.0,0.0,0.0,1.0,0.0,1.0]"
193,Ir,Sm,"[1.0,0.0,0.0,0.0,0.0,0.0,0.0,1.0,0.0,0.0,1.0]"
194,K,Sm,"[1.0,0.0,0.0,0.0,0.0,0.0,0.0,0.0,0.0,0.0,1.0]"
195,Os,Sm,"[1.0,0.0,0.0,0.0,0.0,0.0,0.0,1.0,0.0,0.0,1.0]"
196,Pa,Sm,"[1.0,0.0,0.0,0.0,0.0,0.0,0.0,0.0,0.0,0.0,1.0]"
197,Pm,Sm,"[1.0,0.0,0.0,0.0,0.0,0.0,0.0,0.0,0.0,0.0,1.0]"
198,Sc,Sm,"[1.0,0.0,0.0,0.0,0.0,0.0,0.0,0.0,0.0,0.0,1.0]"
199,Tb,Sm,"[1.0,0.0,0.0,0.0,0.0,0.0,0.0,0.0,0.0,0.0,1.0]"
200,Th,Sm,"[1.0,0.0,0.0,0.0,0.0,0.0,0.0,0.0,0.0,0.0,1.0]"
201,Zr,Sm,"[1.0,0.0,0.0,0.0,0.0,0.0,0.0,0.0,0.0,0.0,1.0]"
202,Er,Te,"[1.0,0.0,0.0,0.0,0.0,1.0,0.0,0.0,0.0,0.0,1.0]"
203,Kr,Te,"[1.0,0.0,0.0,0.0,0.0,0.0,0.0,0.0,0.0,0.0,1.0]"
204,Pt,Te,"[1.0,0.0,0.0,1.0,0.0,0.0,0.0,0.0,1.0,0.0,1.0]"
205,Tb,Te,"[1.0,0.0,0.0,0.0,0.0,1.0,0.0,0.0,0.0,0.0,1.0]"
206,Au,Pm,"[1.0,0.0,0.0,1.0,0.0,0.0,0.0,0.0,1.0,0.0,1.0]"
207,B,Pm,"[1.0,0.0,0.0,0.0,0.0,0.0,0.0,0.0,1.0,1.0,1.0]"
208,Ca,Pm,"[1.0,0.0,0.0,0.0,0.0,0.0,0.0,0.0,0.0,0.0,1.0]"
209,Eu,Pm,"[1.0,0.0,0.0,0.0,0.0,0.0,0.0,0.0,0.0,0.0,1.0]"
210,Gd,Pm,"[1.0,0.0,0.0,0.0,0.0,0.0,0.0,0.0,0.0,0.0,1.0]"
211,Nb,Pm,"[1.0,0.0,0.0,0.0,0.0,0.0,0.0,0.0,0.0,0.0,1.0]"
212,Tl,Pm,"[1.0,0.0,0.0,0.0,0.0,0.0,0.0,0.0,1.0,0.0,1.0]"
213,Cs,Gd,"[1.0,0.0,0.0,0.0,0.0,0.0,0.0,0.0,0.0,0.0,1.0]"
214,Li,Gd,"[1.0,0.0,0.0,0.0,0.0,0.0,0.0,0.0,0.0,0.0,1.0]"
215,Lu,Gd,"[1.0,0.0,0.0,0.0,0.0,0.0,0.0,0.0,0.0,0.0,1.0]"
216,Mn,Gd,"[1.0,0.0,0.0,0.0,0.0,0.0,0.0,0.0,0.0,0.0,1.0]"
217,Yb,Gd,"[1.0,0.0,0.0,0.0,0.0,0.0,0.0,0.0,0.0,0.0,1.0]"
218,Au,Y,"[1.0,0.0,0.0,1.0,0.0,1.0,0.0,0.0,1.0,0.0,1.0]"
219,Bi,Y,"[1.0,0.0,0.0,0.0,1.0,1.0,1.0,0.0,0.0,0.0,1.0]"
220,Ce,Y,"[1.0,0.0,0.0,0.0,0.0,0.0,0.0,0.0,0.0,0.0,1.0]"
221,Cu,Y,"[1.0,0.0,0.0,0.0,0.0,1.0,0.0,0.0,1.0,0.0,1.0]"
222,Ho,Y,"[1.0,0.0,0.0,0.0,0.0,0.0,0.0,0.0,0.0,0.0,1.0]"
223,Kr,Y,"[1.0,0.0,0.0,0.0,0.0,0.0,0.0,0.0,0.0,0.0,1.0]"
224,La,Y,"[1.0,0.0,0.0,0.0,0.0,0.0,0.0,0.0,0.0,0.0,1.0]"
225,Nd,Y,"[1.0,0.0,0.0,0.0,0.0,0.0,0.0,0.0,0.0,0.0,1.0]"
226,Pm,Y,"[1.0,0.0,0.0,0.0,0.0,0.0,0.0,0.0,0.0,0.0,1.0]"
227,S,Y,"[1.0,0.0,0.0,0.0,0.0,1.0,1.0,1.0,0.0,0.0,1.0]"
228,Ta,Y,"[1.0,0.0,0.0,0.0,0.0,0.0,0.0,0.0,0.0,0.0,1.0]"
229,Te,Y,"[1.0,0.0,0.0,0.0,0.0,1.0,1.0,1.0,0.0,0.0,1.0]"
230,Cu,Th,"[1.0,0.0,0.0,0.0,0.0,0.0,0.0,1.0,1.0,1.0,1.0]"
231,Dy,Th,"[1.0,0.0,0.0,0.0,0.0,0.0,0.0,0.0,0.0,0.0,1.0]"
232,Fe,Th,"[1.0,0.0,0.0,0.0,0.0,0.0,0.0,1.0,0.0,0.0,1.0]"
233,Pb,Th,"[1.0,0.0,0.0,0.0,0.0,1.0,0.0,1.0,0.0,0.0,1.0]"
234,Ar,Tb,"[1.0,0.0,0.0,0.0,0.0,0.0,0.0,0.0,0.0,0.0,1.0]"
235,As,Tb,"[1.0,0.0,0.0,0.0,0.0,1.0,0.0,0.0,0.0,0.0,1.0]"
236,B,Tb,"[1.0,0.0,0.0,0.0,0.0,0.0,0.0,1.0,1.0,1.0,1.0]"
237,Fe,Tb,"[1.0,0.0,0.0,0.0,0.0,0.0,0.0,1.0,1.0,0.0,1.0]"
238,La,Tb,"[1.0,0.0,0.0,0.0,0.0,0.0,0.0,0.0,0.0,0.0,1.0]"
239,Li,Tb,"[1.0,0.0,0.0,0.0,0.0,0.0,0.0,1.0,0.0,0.0,1.0]"
240,Na,Tb,"[1.0,0.0,0.0,0.0,0.0,0.0,0.0,0.0,0.0,0.0,1.0]"
241,Np,Tb,"[1.0,0.0,0.0,0.0,0.0,0.0,0.0,0.0,0.0,0.0,1.0]"
242,Pt,Tb,"[1.0,0.0,0.0,1.0,0.0,1.0,0.0,1.0,1.0,0.0,1.0]"
243,Sr,Tb,"[1.0,0.0,0.0,0.0,0.0,0.0,0.0,0.0,0.0,0.0,1.0]"
244,Ar,Dy,"[1.0,0.0,0.0,0.0,0.0,0.0,0.0,0.0,0.0,0.0,1.0]"
245,Ga,Dy,"[1.0,0.0,0.0,0.0,1.0,0.0,0.0,1.0,0.0,0.0,1.0]"
246,Ho,Dy,"[1.0,0.0,0.0,0.0,0.0,0.0,0.0,0.0,0.0,0.0,1.0]"
247,Li,Dy,"[1.0,0.0,0.0,0.0,0.0,0.0,0.0,0.0,0.0,0.0,1.0]"
248,Ne,Dy,"[1.0,0.0,0.0,0.0,0.0,0.0,0.0,0.0,0.0,0.0,1.0]"
249,Pd,Dy,"[1.0,0.0,0.0,0.0,1.0,1.0,0.0,1.0,1.0,0.0,1.0]"
250,Sc,Dy,"[1.0,0.0,0.0,0.0,0.0,0.0,0.0,0.0,0.0,0.0,1.0]"
251,Sn,Dy,"[1.0,0.0,0.0,1.0,1.0,0.0,0.0,1.0,0.0,0.0,1.0]"
252,Ar,Ho,"[1.0,0.0,0.0,0.0,0.0,0.0,0.0,0.0,0.0,0.0,1.0]"
253,Lu,Ho,"[1.0,0.0,0.0,0.0,0.0,0.0,0.0,0.0,0.0,0.0,1.0]"
254,Pd,Ho,"[1.0,0.0,0.0,0.0,0.0,1.0,0.0,1.0,1.0,0.0,1.0]"
255,Ru,Ho,"[1.0,0.0,0.0,0.0,0.0,0.0,0.0,1.0,0.0,0.0,1.0]"
256,Bi,Er,"[1.0,0.0,0.0,0.0,1.0,1.0,0.0,0.0,0.0,0.0,1.0]"
257,Ce,Er,"[1.0,0.0,0.0,0.0,0.0,0.0,0.0,0.0,0.0,0.0,1.0]"
258,Co,Er,"[1.0,0.0,0.0,0.0,0.0,0.0,0.0,1.0,1.0,0.0,1.0]"
259,Li,Er,"[1.0,0.0,0.0,0.0,0.0,0.0,0.0,1.0,0.0,0.0,1.0]"
260,Mg,Er,"[1.0,0.0,0.0,1.0,0.0,1.0,0.0,1.0,1.0,0.0,1.0]"
261,Ti,Er,"[1.0,0.0,0.0,0.0,0.0,0.0,0.0,0.0,0.0,0.0,1.0]"
262,Br,Pb,"[1.0,0.0,0.0,0.0,0.0,0.0,0.0,0.0,0.0,0.0,1.0]"
263,Gd,Pb,"[1.0,0.0,0.0,1.0,0.0,0.0,0.0,0.0,0.0,0.0,1.0]"
264,He,Pb,"[1.0,0.0,0.0,0.0,0.0,0.0,0.0,0.0,0.0,0.0,1.0]"
265,Ne,Pb,"[1.0,0.0,0.0,0.0,0.0,0.0,0.0,0.0,0.0,0.0,1.0]"
266,Pd,Pb,"[1.0,0.0,0.0,1.0,0.0,1.0,0.0,0.0,1.0,0.0,1.0]"
267,Sr,Pb,"[1.0,0.0,0.0,1.0,0.0,1.0,0.0,1.0,0.0,0.0,1.0]"
268,Te,Pb,"[1.0,0.0,0.0,0.0,0.0,1.0,0.0,0.0,0.0,0.0,1.0]"
269,U,Pb,"[1.0,0.0,0.0,0.0,0.0,0.0,0.0,0.0,0.0,0.0,1.0]"
270,Zr,Pb,"[1.0,0.0,0.0,1.0,0.0,1.0,0.0,1.0,1.0,0.0,1.0]"
271,Nb,Sb,"[1.0,0.0,0.0,1.0,0.0,1.0,1.0,0.0,1.0,0.0,1.0]"
272,Rb,Sb,"[1.0,0.0,0.0,0.0,0.0,1.0,0.0,0.0,0.0,0.0,1.0]"
273,Tb,Sb,"[1.0,0.0,0.0,0.0,0.0,1.0,1.0,0.0,0.0,0.0,1.0]"
274,Te,Sb,"[1.0,0.0,0.0,0.0,0.0,1.0,1.0,1.0,0.0,0.0,1.0]"
275,V,Sb,"[1.0,0.0,0.0,0.0,0.0,1.0,0.0,0.0,0.0,0.0,1.0]"
276,Ag,Tm,"[1.0,0.0,0.0,0.0,0.0,1.0,0.0,1.0,0.0,0.0,1.0]"
277,Kr,Tm,"[1.0,0.0,0.0,0.0,0.0,0.0,0.0,0.0,0.0,0.0,1.0]"
278,Na,Tm,"[1.0,0.0,0.0,0.0,0.0,0.0,0.0,0.0,0.0,0.0,1.0]"
279,Ni,Tm,"[1.0,0.0,0.0,0.0,0.0,1.0,0.0,1.0,1.0,0.0,1.0]"
280,Pm,Tm,"[1.0,0.0,0.0,0.0,0.0,0.0,0.0,0.0,0.0,0.0,1.0]"
281,Pt,Tm,"[1.0,0.0,0.0,1.0,0.0,1.0,0.0,1.0,1.0,0.0,1.0]"
282,Se,Tm,"[1.0,0.0,0.0,0.0,0.0,1.0,1.0,0.0,0.0,0.0,1.0]"
283,Si,Tm,"[1.0,0.0,0.0,0.0,0.0,1.0,0.0,0.0,0.0,0.0,1.0]"
284,V,Tm,"[1.0,0.0,0.0,0.0,0.0,0.0,0.0,0.0,0.0,0.0,1.0]"
285,As,Lu,"[1.0,0.0,0.0,0.0,1.0,1.0,0.0,1.0,0.0,0.0,1.0]"
286,Ba,Lu,"[1.0,0.0,0.0,0.0,0.0,0.0,0.0,0.0,0.0,0.0,1.0]"
287,Be,Lu,"[1.0,0.0,0.0,0.0,0.0,0.0,0.0,1.0,0.0,0.0,1.0]"
288,C,Lu,"[1.0,0.0,0.0,0.0,0.0,0.0,1.0,0.0,0.0,0.0,1.0]"
289,In,Lu,"[1.0,0.0,0.0,0.0,0.0,0.0,0.0,0.0,1.0,0.0,1.0]"
290,Na,Lu,"[1.0,0.0,0.0,0.0,0.0,0.0,0.0,0.0,0.0,0.0,1.0]"
291,Nd,Lu,"[1.0,0.0,0.0,0.0,0.0,0.0,0.0,0.0,0.0,0.0,1.0]"
292,Pa,Lu,"[1.0,0.0,0.0,0.0,0.0,0.0,0.0,0.0,0.0,0.0,1.0]"
293,Pm,Lu,"[1.0,0.0,0.0,0.0,0.0,0.0,0.0,0.0,0.0,0.0,1.0]"
294,Rh,Lu,"[1.0,0.0,0.0,0.0,0.0,1.0,0.0,1.0,0.0,0.0,1.0]"
295,Te,Lu,"[1.0,0.0,0.0,0.0,1.0,1.0,0.0,1.0,0.0,0.0,1.0]"
296,Xe,Lu,"[1.0,0.0,0.0,0.0,0.0,0.0,0.0,0.0,0.0,0.0,1.0]"
297,Zn,Lu,"[1.0,0.0,0.0,0.0,0.0,1.0,0.0,1.0,1.0,1.0,1.0]"
298,Al,Tl,"[1.0,0.0,0.0,0.0,0.0,1.0,0.0,0.0,0.0,0.0,1.0]"
299,I,Tl,"[1.0,0.0,0.0,0.0,0.0,0.0,1.0,0.0,1.0,0.0,1.0]"
300,La,Tl,"[1.0,0.0,0.0,1.0,0.0,1.0,1.0,0.0,0.0,0.0,1.0]"
301,Nd,Tl,"[1.0,0.0,0.0,1.0,0.0,1.0,1.0,0.0,0.0,0.0,1.0]"
302,Cr,P,"[1.0,0.0,0.0,1.0,0.0,0.0,0.0,0.0,1.0,0.0,1.0]"
303,Eu,P,"[1.0,0.0,0.0,1.0,0.0,1.0,0.0,0.0,0.0,0.0,1.0]"
304,Ge,P,"[1.0,0.0,0.0,0.0,0.0,1.0,0.0,0.0,0.0,0.0,1.0]"
305,Lu,P,"[1.0,0.0,1.0,1.0,0.0,0.0,0.0,0.0,0.0,0.0,1.0]"
306,Mg,P,"[1.0,0.0,0.0,0.0,0.0,1.0,1.0,0.0,0.0,0.0,1.0]"
307,Rh,P,"[1.0,0.0,1.0,1.0,0.0,1.0,1.0,1.0,0.0,0.0,1.0]"
308,S,P,"[1.0,0.0,0.0,0.0,0.0,0.0,1.0,1.0,1.0,1.0,1.0]"
309,Sb,P,"[1.0,0.0,0.0,0.0,0.0,1.0,0.0,0.0,0.0,0.0,1.0]"
310,Se,P,"[1.0,0.0,0.0,0.0,0.0,0.0,1.0,1.0,1.0,0.0,1.0]"
311,Ta,P,"[1.0,0.0,1.0,1.0,0.0,1.0,1.0,0.0,1.0,0.0,1.0]"
312,Yb,P,"[1.0,0.0,0.0,1.0,0.0,1.0,1.0,0.0,0.0,0.0,1.0]"
313,Er,Se,"[1.0,0.0,0.0,0.0,0.0,1.0,0.0,0.0,0.0,0.0,1.0]"
314,Ga,Se,"[1.0,0.0,0.0,1.0,1.0,1.0,0.0,0.0,0.0,0.0,1.0]"
315,Ge,Se,"[1.0,0.0,0.0,1.0,0.0,1.0,0.0,0.0,0.0,0.0,1.0]"
316,Na,Se,"[1.0,0.0,0.0,1.0,0.0,1.0,0.0,1.0,0.0,0.0,1.0]"
317,Ni,Se,"[1.0,0.0,0.0,1.0,0.0,1.0,1.0,0.0,0.0,0.0,1.0]"
318,Np,Se,"[1.0,0.0,0.0,1.0,1.0,0.0,0.0,0.0,0.0,0.0,1.0]"
319,Os,Se,"[1.0,0.0,0.0,1.0,1.0,1.0,0.0,0.0,0.0,0.0,1.0]"
320,Rh,Se,"[1.0,0.0,0.0,1.0,0.0,0.0,0.0,0.0,0.0,0.0,1.0]"
321,Sb,Se,"[1.0,0.0,0.0,0.0,0.0,0.0,0.0,0.0,0.0,0.0,1.0]"
322,Y,Se,"[1.0,0.0,0.0,1.0,1.0,1.0,0.0,1.0,0.0,0.0,1.0]"
323,Yb,Se,"[1.0,0.0,0.0,1.0,1.0,0.0,0.0,0.0,0.0,0.0,1.0]"
324,Zn,Se,"[1.0,0.0,0.0,0.0,0.0,0.0,0.0,0.0,0.0,0.0,1.0]"
325,C,S,"[1.0,0.0,0.0,1.0,0.0,0.0,0.0,0.0,0.0,0.0,1.0]"
326,Fe,S,"[1.0,0.0,0.0,1.0,0.0,0.0,0.0,0.0,0.0,0.0,1.0]"
327,I,S,"[1.0,0.0,0.0,0.0,0.0,0.0,0.0,0.0,0.0,0.0,1.0]"
328,Ne,S,"[1.0,0.0,0.0,0.0,0.0,0.0,0.0,0.0,0.0,0.0,1.0]"
329,Os,S,"[1.0,0.0,0.0,1.0,0.0,1.0,0.0,0.0,0.0,0.0,1.0]"
330,Pd,S,"[1.0,0.0,0.0,1.0,0.0,0.0,0.0,0.0,1.0,0.0,1.0]"
331,Rb,S,"[1.0,0.0,0.0,0.0,0.0,1.0,0.0,0.0,0.0,0.0,1.0]"
332,Sm,S,"[1.0,0.0,0.0,1.0,1.0,0.0,0.0,0.0,0.0,0.0,1.0]"
333,Ba,Sn,"[1.0,0.0,1.0,1.0,0.0,0.0,0.0,0.0,0.0,0.0,1.0]"
334,Bi,Sn,"[1.0,0.0,0.0,0.0,0.0,0.0,0.0,0.0,0.0,0.0,1.0]"
335,Hg,Sn,"[1.0,0.0,0.0,1.0,0.0,0.0,0.0,0.0,0.0,0.0,1.0]"
336,Mg,Sn,"[1.0,0.0,0.0,0.0,0.0,0.0,0.0,0.0,0.0,0.0,1.0]"
337,Mo,Sn,"[1.0,0.0,0.0,0.0,0.0,0.0,0.0,0.0,1.0,0.0,1.0]"
338,Ni,Sn,"[1.0,0.0,0.0,0.0,0.0,0.0,0.0,0.0,0.0,0.0,1.0]"
339,Rb,Sn,"[1.0,1.0,0.0,1.0,0.0,0.0,0.0,0.0,0.0,0.0,1.0]"
340,S,Sn,"[1.0,0.0,0.0,0.0,0.0,0.0,1.0,0.0,0.0,0.0,1.0]"
341,Se,Sn,"[1.0,0.0,0.0,0.0,0.0,0.0,1.0,1.0,0.0,0.0,1.0]"
342,Ti,Sn,"[1.0,0.0,0.0,1.0,0.0,1.0,0.0,0.0,1.0,0.0,1.0]"
343,U,Sn,"[1.0,0.0,0.0,1.0,0.0,0.0,0.0,0.0,0.0,0.0,1.0]"
344,Zn,Sn,"[1.0,0.0,0.0,0.0,0.0,1.0,0.0,0.0,0.0,0.0,1.0]"
345,Ar,In,"[1.0,0.0,0.0,0.0,0.0,0.0,0.0,0.0,0.0,0.0,1.0]"
346,Be,In,"[1.0,0.0,0.0,0.0,0.0,0.0,0.0,0.0,0.0,0.0,1.0]"
347,Er,In,"[1.0,0.0,0.0,1.0,0.0,1.0,0.0,1.0,0.0,0.0,1.0]"
348,Mg,In,"[1.0,0.0,0.0,1.0,0.0,1.0,0.0,1.0,1.0,0.0,1.0]"
349,Np,In,"[1.0,0.0,0.0,0.0,0.0,0.0,0.0,0.0,0.0,0.0,1.0]"
350,Sc,In,"[1.0,0.0,0.0,1.0,0.0,1.0,0.0,1.0,1.0,1.0,1.0]"
351,Sm,In,"[1.0,0.0,0.0,1.0,0.0,0.0,0.0,0.0,1.0,0.0,1.0]"
352,Tc,In,"[1.0,0.0,0.0,0.0,0.0,0.0,0.0,0.0,0.0,0.0,1.0]"
353,Ti,In,"[1.0,0.0,0.0,1.0,0.0,0.0,0.0,0.0,0.0,0.0,1.0]"
354,Tm,In,"[1.0,0.0,0.0,1.0,0.0,1.0,0.0,1.0,1.0,0.0,1.0]"
355,Xe,In,"[1.0,0.0,0.0,0.0,0.0,0.0,0.0,0.0,0.0,0.0,1.0]"
356,Ca,Sc,"[1.0,0.0,0.0,0.0,0.0,0.0,0.0,0.0,0.0,0.0,1.0]"
357,Co,Sc,"[1.0,0.0,0.0,1.0,1.0,1.0,0.0,1.0,1.0,0.0,1.0]"
358,Ga,Sc,"[1.0,0.0,0.0,1.0,1.0,1.0,0.0,1.0,1.0,0.0,1.0]"
359,Kr,Sc,"[1.0,0.0,0.0,0.0,0.0,0.0,0.0,0.0,0.0,0.0,1.0]"
360,Nd,Sc,"[1.0,0.0,0.0,0.0,0.0,0.0,0.0,0.0,0.0,0.0,1.0]"
361,P,Sc,"[1.0,0.0,0.0,0.0,1.0,1.0,0.0,1.0,0.0,0.0,1.0]"
362,Pb,Sc,"[1.0,0.0,0.0,1.0,0.0,0.0,0.0,0.0,0.0,0.0,1.0]"
363,Pm,Sc,"[1.0,0.0,0.0,0.0,0.0,0.0,0.0,0.0,0.0,0.0,1.0]"
364,Se,Sc,"[1.0,0.0,0.0,1.0,0.0,0.0,0.0,1.0,0.0,0.0,1.0]"
365,Sn,Sc,"[1.0,0.0,0.0,1.0,1.0,0.0,0.0,1.0,1.0,0.0,1.0]"
366,Tm,Sc,"[1.0,0.0,0.0,0.0,0.0,0.0,0.0,0.0,0.0,0.0,1.0]"
367,Fe,Pa,"[1.0,0.0,0.0,0.0,0.0,0.0,0.0,0.0,0.0,0.0,1.0]"
368,He,Pa,"[1.0,0.0,0.0,0.0,0.0,0.0,0.0,0.0,0.0,0.0,1.0]"
369,Np,Pa,"[1.0,0.0,0.0,0.0,0.0,0.0,0.0,0.0,0.0,0.0,1.0]"
370,P,Pa,"[1.0,0.0,0.0,0.0,0.0,0.0,0.0,0.0,0.0,0.0,1.0]"
371,Pb,Pa,"[1.0,0.0,0.0,0.0,0.0,0.0,0.0,0.0,0.0,0.0,1.0]"
372,Si,Pa,"[1.0,0.0,0.0,0.0,0.0,0.0,0.0,0.0,0.0,0.0,1.0]"
373,Tl,Pa,"[1.0,0.0,0.0,0.0,0.0,0.0,0.0,0.0,0.0,0.0,1.0]"
374,Bi,Hg,"[1.0,0.0,0.0,0.0,0.0,1.0,0.0,0.0,0.0,0.0,1.0]"
375,Ce,Hg,"[1.0,0.0,0.0,1.0,0.0,0.0,0.0,0.0,0.0,0.0,1.0]"
376,Cu,Hg,"[1.0,0.0,0.0,0.0,0.0,0.0,0.0,0.0,0.0,0.0,1.0]"
377,I,Hg,"[1.0,0.0,0.0,0.0,0.0,0.0,0.0,0.0,0.0,0.0,1.0]"
378,Mg,Hg,"[1.0,0.0,0.0,1.0,0.0,1.0,0.0,0.0,0.0,0.0,1.0]"
379,Pt,Hg,"[1.0,0.0,0.0,0.0,0.0,0.0,0.0,0.0,0.0,0.0,1.0]"
380,Sm,Hg,"[1.0,0.0,0.0,1.0,0.0,1.0,0.0,0.0,0.0,0.0,1.0]"
381,Ti,Hg,"[1.0,0.0,0.0,1.0,0.0,0.0,0.0,0.0,0.0,0.0,1.0]"
382,Tm,Hg,"[1.0,0.0,0.0,1.0,0.0,1.0,0.0,0.0,0.0,0.0,1.0]"
383,Ar,Zr,"[1.0,0.0,0.0,0.0,0.0,0.0,0.0,0.0,0.0,0.0,1.0]"
384,Au,Zr,"[1.0,0.0,0.0,1.0,0.0,1.0,0.0,1.0,1.0,0.0,1.0]"
385,Be,Zr,"[1.0,0.0,0.0,0.0,0.0,0.0,0.0,1.0,0.0,1.0,1.0]"
386,Ga,Zr,"[1.0,0.0,0.0,1.0,1.0,1.0,0.0,1.0,0.0,0.0,1.0]"
387,Gd,Zr,"[1.0,0.0,0.0,0.0,0.0,0.0,0.0,0.0,0.0,0.0,1.0]"
388,He,Zr,"[1.0,0.0,0.0,0.0,0.0,0.0,0.0,0.0,0.0,0.0,1.0]"
389,I,Zr,"[1.0,0.0,0.0,0.0,0.0,0.0,0.0,0.0,1.0,0.0,1.0]"
390,La,Zr,"[1.0,0.0,0.0,0.0,0.0,0.0,0.0,0.0,0.0,0.0,1.0]"
391,Lu,Zr,"[1.0,0.0,0.0,0.0,0.0,0.0,0.0,0.0,0.0,0.0,1.0]"
392,Np,Zr,"[1.0,0.0,0.0,0.0,0.0,0.0,0.0,0.0,0.0,0.0,1.0]"
393,Y,Zr,"[1.0,0.0,0.0,0.0,0.0,0.0,0.0,0.0,0.0,0.0,1.0]"
394,Yb,Zr,"[1.0,0.0,0.0,0.0,0.0,0.0,0.0,0.0,0.0,0.0,1.0]"
395,Ar,Mg,"[1.0,0.0,0.0,0.0,0.0,0.0,0.0,0.0,0.0,0.0,1.0]"
396,Be,Mg,"[1.0,0.0,0.0,0.0,0.0,0.0,0.0,1.0,0.0,0.0,1.0]"
397,Ge,Mg,"[1.0,0.0,0.0,1.0,1.0,0.0,0.0,1.0,1.0,0.0,1.0]"
398,Li,Mg,"[1.0,0.0,0.0,0.0,0.0,0.0,0.0,0.0,0.0,0.0,1.0]"
399,Nd,Mg,"[1.0,0.0,0.0,1.0,0.0,1.0,0.0,0.0,0.0,0.0,1.0]"
400,Pm,Mg,"[1.0,0.0,0.0,0.0,0.0,0.0,0.0,0.0,0.0,0.0,1.0]"
401,Ru,Mg,"[1.0,0.0,0.0,1.0,0.0,0.0,0.0,0.0,1.0,0.0,1.0]"
402,Se,Mg,"[1.0,0.0,0.0,0.0,0.0,1.0,0.0,1.0,0.0,0.0,1.0]"
403,Sr,Mg,"[1.0,1.0,0.0,0.0,0.0,0.0,0.0,0.0,0.0,0.0,1.0]"
404,Tb,Mg,"[1.0,0.0,0.0,1.0,0.0,1.0,0.0,1.0,0.0,0.0,1.0]"
405,Ti,Mg,"[1.0,0.0,0.0,1.0,0.0,0.0,0.0,0.0,0.0,0.0,1.0]"
406,Yb,Mg,"[1.0,0.0,0.0,1.0,0.0,1.0,0.0,0.0,0.0,0.0,1.0]"
407,Br,Ge,"[1.0,0.0,0.0,0.0,0.0,0.0,0.0,0.0,0.0,0.0,1.0]"
408,C,Ge,"[1.0,0.0,0.0,0.0,0.0,0.0,0.0,0.0,0.0,0.0,1.0]"
409,Er,Ge,"[1.0,0.0,0.0,0.0,0.0,0.0,0.0,0.0,0.0,0.0,1.0]"
410,Eu,Ge,"[1.0,0.0,0.0,1.0,0.0,0.0,0.0,0.0,0.0,0.0,1.0]"
411,Ne,Ge,"[1.0,0.0,0.0,0.0,0.0,0.0,0.0,0.0,0.0,0.0,1.0]"
412,Os,Ge,"[1.0,0.0,0.0,0.0,0.0,0.0,0.0,0.0,0.0,0.0,1.0]"
413,Ru,Ge,"[1.0,0.0,0.0,1.0,0.0,1.0,0.0,0.0,0.0,0.0,1.0]"
414,Sm,Ge,"[1.0,0.0,0.0,0.0,0.0,1.0,0.0,0.0,0.0,0.0,1.0]"
415,Th,Ge,"[1.0,0.0,0.0,0.0,1.0,0.0,0.0,0.0,0.0,0.0,1.0]"
416,Yb,Ge,"[1.0,0.0,0.0,0.0,0.0,0.0,0.0,0.0,0.0,0.0,1.0]"
417,Zr,Ge,"[1.0,0.0,0.0,0.0,0.0,1.0,1.0,1.0,0.0,0.0,1.0]"
418,Ce,As,"[1.0,0.0,0.0,1.0,0.0,1.0,1.0,0.0,1.0,0.0,1.0]"
419,Fe,As,"[1.0,0.0,0.0,1.0,0.0,1.0,0.0,0.0,0.0,0.0,1.0]"
420,Gd,As,"[1.0,0.0,0.0,0.0,0.0,1.0,1.0,0.0,0.0,0.0,1.0]"
421,Li,As,"[1.0,0.0,0.0,0.0,0.0,0.0,0.0,1.0,0.0,0.0,1.0]"
422,Nd,As,"[1.0,0.0,0.0,0.0,0.0,1.0,0.0,0.0,0.0,0.0,1.0]"
423,Pa,As,"[1.0,0.0,0.0,1.0,0.0,0.0,0.0,0.0,1.0,0.0,1.0]"
424,Rb,As,"[1.0,0.0,0.0,1.0,0.0,1.0,0.0,0.0,0.0,0.0,1.0]"
425,Rh,As,"[1.0,0.0,0.0,1.0,0.0,0.0,0.0,0.0,0.0,0.0,1.0]"
426,Se,As,"[1.0,0.0,0.0,0.0,1.0,1.0,1.0,0.0,0.0,0.0,1.0]"
427,Ta,As,"[1.0,0.0,0.0,1.0,0.0,1.0,0.0,0.0,1.0,0.0,1.0]"
428,Y,As,"[1.0,0.0,0.0,0.0,0.0,1.0,1.0,0.0,0.0,0.0,1.0]"
429,Ba,Cd,"[1.0,1.0,1.0,0.0,0.0,1.0,0.0,0.0,0.0,0.0,1.0]"
430,In,Cd,"[1.0,0.0,0.0,0.0,0.0,0.0,0.0,0.0,0.0,0.0,1.0]"
431,Mg,Cd,"[1.0,0.0,0.0,1.0,0.0,1.0,0.0,0.0,0.0,0.0,1.0]"
432,Nb,Cd,"[1.0,0.0,0.0,0.0,0.0,0.0,0.0,0.0,0.0,0.0,1.0]"
433,Pr,Cd,"[1.0,0.0,0.0,1.0,0.0,1.0,0.0,0.0,0.0,0.0,1.0]"
434,S,Cd,"[1.0,0.0,0.0,0.0,0.0,1.0,0.0,0.0,0.0,0.0,1.0]"
435,Be,Li,"[1.0,0.0,0.0,0.0,0.0,0.0,0.0,0.0,0.0,0.0,1.0]"
436,Cr,Li,"[1.0,0.0,0.0,0.0,0.0,0.0,0.0,0.0,0.0,0.0,1.0]"
437,Eu,Li,"[1.0,0.0,0.0,0.0,0.0,0.0,0.0,0.0,0.0,0.0,1.0]"
438,Hg,Li,"[1.0,0.0,0.0,1.0,0.0,1.0,0.0,0.0,0.0,0.0,1.0]"
439,Lu,Li,"[1.0,0.0,0.0,0.0,0.0,0.0,0.0,0.0,0.0,0.0,1.0]"
440,Os,Li,"[1.0,0.0,0.0,0.0,0.0,0.0,0.0,0.0,0.0,0.0,1.0]"
441,Tc,Li,"[1.0,0.0,0.0,0.0,0.0,0.0,0.0,0.0,0.0,0.0,1.0]"
442,Ti,Li,"[1.0,0.0,0.0,0.0,0.0,0.0,0.0,0.0,0.0,0.0,1.0]"
443,Tm,Li,"[1.0,0.0,0.0,0.0,0.0,0.0,0.0,0.0,0.0,0.0,1.0]"
444,Y,Li,"[1.0,0.0,0.0,0.0,0.0,0.0,0.0,0.0,0.0,0.0,1.0]"
445,Cd,U,"[1.0,0.0,0.0,0.0,0.0,0.0,0.0,0.0,1.0,0.0,1.0]"
446,La,U,"[1.0,0.0,0.0,0.0,0.0,0.0,0.0,0.0,0.0,0.0,1.0]"
447,Ne,U,"[1.0,0.0,0.0,0.0,0.0,0.0,0.0,0.0,0.0,0.0,1.0]"
448,Re,U,"[1.0,0.0,0.0,0.0,0.0,0.0,0.0,1.0,0.0,0.0,1.0]"
449,Rh,U,"[1.0,0.0,0.0,0.0,0.0,0.0,0.0,1.0,0.0,0.0,1.0]"
450,S,U,"[1.0,0.0,0.0,0.0,0.0,0.0,1.0,1.0,1.0,0.0,1.0]"
451,Sm,U,"[1.0,0.0,0.0,0.0,0.0,0.0,0.0,0.0,0.0,0.0,1.0]"
452,Xe,U,"[1.0,0.0,0.0,0.0,0.0,0.0,0.0,0.0,0.0,0.0,1.0]"
453,As,Si,"[1.0,0.0,0.0,0.0,0.0,0.0,0.0,0.0,0.0,0.0,1.0]"
454,Br,Si,"[1.0,0.0,0.0,0.0,0.0,0.0,0.0,0.0,0.0,0.0,1.0]"
455,Cu,Si,"[1.0,0.0,0.0,0.0,0.0,0.0,0.0,0.0,0.0,0.0,1.0]"
456,Eu,Si,"[1.0,0.0,0.0,0.0,0.0,1.0,1.0,0.0,0.0,0.0,1.0]"
457,I,Si,"[1.0,0.0,0.0,0.0,0.0,0.0,0.0,0.0,1.0,0.0,1.0]"
458,Kr,Si,"[1.0,0.0,0.0,0.0,0.0,0.0,0.0,0.0,0.0,0.0,1.0]"
459,Ru,Si,"[1.0,0.0,1.0,1.0,0.0,1.0,1.0,0.0,1.0,0.0,1.0]"
460,Sn,Si,"[1.0,0.0,0.0,0.0,0.0,0.0,0.0,0.0,0.0,0.0,1.0]"
461,Sr,Si,"[1.0,0.0,0.0,1.0,1.0,1.0,0.0,1.0,0.0,0.0,1.0]"
462,Th,Si,"[1.0,0.0,0.0,0.0,0.0,1.0,1.0,1.0,0.0,0.0,1.0]"
463,U,Si,"[1.0,0.0,0.0,1.0,1.0,0.0,0.0,1.0,0.0,0.0,1.0]"
464,V,Si,"[1.0,0.0,0.0,0.0,0.0,1.0,1.0,1.0,1.0,0.0,1.0]"
465,Bi,Ga,"[1.0,0.0,0.0,0.0,0.0,0.0,0.0,0.0,0.0,0.0,1.0]"
466,Cd,Ga,"[1.0,0.0,0.0,0.0,0.0,0.0,0.0,0.0,0.0,0.0,1.0]"
467,Hg,Ga,"[1.0,0.0,0.0,0.0,0.0,0.0,0.0,0.0,0.0,0.0,1.0]"
468,Li,Ga,"[1.0,0.0,0.0,0.0,0.0,1.0,1.0,1.0,0.0,0.0,1.0]"
469,Na,Ga,"[1.0,0.0,0.0,1.0,0.0,0.0,0.0,0.0,0.0,0.0,1.0]"
470,Pa,Ga,"[1.0,0.0,0.0,1.0,0.0,0.0,0.0,0.0,1.0,0.0,1.0]"
471,Pm,Ga,"[1.0,0.0,0.0,1.0,0.0,0.0,0.0,0.0,1.0,0.0,1.0]"
472,Pt,Ga,"[1.0,0.0,1.0,1.0,0.0,1.0,1.0,1.0,0.0,0.0,1.0]"
473,S,Ga,"[1.0,0.0,0.0,0.0,0.0,0.0,1.0,1.0,0.0,0.0,1.0]"
474,Sb,Ga,"[1.0,0.0,0.0,0.0,0.0,0.0,0.0,0.0,0.0,0.0,1.0]"
475,Sm,Ga,"[1.0,0.0,0.0,1.0,0.0,1.0,0.0,0.0,0.0,0.0,1.0]"
476,Sn,Ga,"[1.0,0.0,0.0,0.0,0.0,0.0,0.0,0.0,0.0,0.0,1.0]"
477,Al,Np,"[1.0,0.0,0.0,0.0,0.0,0.0,0.0,0.0,0.0,0.0,1.0]"
478,Cd,Np,"[1.0,0.0,0.0,0.0,0.0,0.0,0.0,0.0,0.0,0.0,1.0]"
479,Cu,Np,"[1.0,0.0,0.0,0.0,0.0,0.0,0.0,0.0,0.0,0.0,1.0]"
480,Er,Np,"[1.0,0.0,0.0,0.0,0.0,0.0,0.0,0.0,0.0,0.0,1.0]"
481,Mn,Np,"[1.0,0.0,0.0,0.0,0.0,0.0,0.0,0.0,0.0,0.0,1.0]"
482,Pd,Np,"[1.0,0.0,0.0,0.0,0.0,0.0,0.0,0.0,0.0,0.0,1.0]"
483,Pt,Np,"[1.0,0.0,0.0,0.0,0.0,1.0,0.0,0.0,0.0,0.0,1.0]"
484,V,Np,"[1.0,0.0,0.0,0.0,0.0,0.0,0.0,0.0,0.0,0.0,1.0]"
485,Ag,Ta,"[1.0,0.0,0.0,0.0,0.0,0.0,0.0,0.0,0.0,0.0,1.0]"
486,Bi,Ta,"[1.0,0.0,0.0,0.0,0.0,1.0,0.0,1.0,0.0,0.0,1.0]"
487,Cs,Ta,"[1.0,0.0,0.0,0.0,0.0,0.0,0.0,0.0,0.0,0.0,1.0]"
488,Cu,Ta,"[1.0,0.0,0.0,0.0,0.0,0.0,0.0,0.0,1.0,0.0,1.0]"
489,Gd,Ta,"[1.0,0.0,0.0,0.0,0.0,0.0,0.0,0.0,0.0,0.0,1.0]"
490,Hg,Ta,"[1.0,0.0,0.0,0.0,0.0,0.0,0.0,0.0,0.0,0.0,1.0]"
491,In,Ta,"[1.0,0.0,0.0,1.0,0.0,0.0,0.0,0.0,0.0,0.0,1.0]"
492,Pm,Ta,"[1.0,0.0,0.0,0.0,0.0,0.0,0.0,0.0,0.0,0.0,1.0]"
493,Rb,Ta,"[1.0,0.0,0.0,0.0,0.0,0.0,0.0,0.0,0.0,0.0,1.0]"
494,Rh,Ta,"[1.0,0.0,0.0,0.0,0.0,0.0,0.0,1.0,0.0,0.0,1.0]"
495,Sr,Ta,"[1.0,0.0,0.0,0.0,0.0,0.0,0.0,0.0,0.0,0.0,1.0]"
496,Yb,Ta,"[1.0,0.0,0.0,0.0,0.0,0.0,0.0,0.0,0.0,0.0,1.0]"
497,Ba,Nb,"[1.0,0.0,0.0,0.0,0.0,0.0,0.0,0.0,0.0,0.0,1.0]"
498,Eu,Nb,"[1.0,0.0,0.0,0.0,0.0,0.0,0.0,0.0,0.0,0.0,1.0]"
499,Ir,Nb,"[1.0,0.0,0.0,0.0,0.0,0.0,0.0,0.0,1.0,0.0,1.0]"
500,Li,Nb,"[1.0,0.0,0.0,0.0,0.0,0.0,0.0,0.0,0.0,0.0,1.0]"
501,Ne,Nb,"[1.0,0.0,0.0,0.0,0.0,0.0,0.0,0.0,0.0,0.0,1.0]"
502,Ni,Nb,"[1.0,0.0,0.0,0.0,0.0,0.0,0.0,0.0,1.0,0.0,1.0]"
503,Os,Nb,"[1.0,0.0,0.0,0.0,0.0,0.0,0.0,0.0,0.0,0.0,1.0]"
504,S,Nb,"[1.0,0.0,0.0,0.0,1.0,1.0,1.0,1.0,0.0,0.0,1.0]"
505,Ta,Nb,"[1.0,0.0,0.0,0.0,0.0,0.0,0.0,0.0,0.0,0.0,1.0]"
506,Tb,Nb,"[1.0,0.0,0.0,0.0,0.0,0.0,0.0,0.0,0.0,0.0,1.0]"
507,Tc,Nb,"[1.0,0.0,0.0,0.0,0.0,0.0,0.0,0.0,0.0,0.0,1.0]"
508,Y,Nb,"[1.0,0.0,0.0,1.0,0.0,0.0,0.0,0.0,0.0,0.0,1.0]"
509,Ar,Ti,"[1.0,0.0,0.0,0.0,0.0,0.0,0.0,0.0,0.0,0.0,1.0]"
510,B,Ti,"[1.0,0.0,0.0,1.0,1.0,1.0,1.0,1.0,0.0,0.0,1.0]"
511,C,Ti,"[1.0,0.0,0.0,0.0,0.0,1.0,0.0,0.0,0.0,0.0,1.0]"
512,Co,Ti,"[1.0,0.0,0.0,0.0,0.0,1.0,0.0,0.0,1.0,0.0,1.0]"
513,Cr,Ti,"[1.0,0.0,0.0,0.0,0.0,0.0,1.0,0.0,0.0,0.0,1.0]"
514,Ge,Ti,"[1.0,0.0,0.0,1.0,1.0,0.0,1.0,1.0,0.0,0.0,1.0]"
515,Ho,Ti,"[1.0,0.0,0.0,0.0,0.0,0.0,0.0,0.0,0.0,0.0,1.0]"
516,Kr,Ti,"[1.0,0.0,0.0,0.0,0.0,0.0,0.0,0.0,0.0,0.0,1.0]"
517,Pb,Ti,"[1.0,0.0,0.0,0.0,0.0,1.0,0.0,0.0,0.0,0.0,1.0]"
518,Ru,Ti,"[1.0,0.0,0.0,1.0,0.0,1.0,0.0,0.0,1.0,0.0,1.0]"
519,S,Ti,"[1.0,0.0,0.0,0.0,0.0,1.0,1.0,1.0,0.0,0.0,1.0]"
520,Se,Ti,"[1.0,0.0,0.0,0.0,0.0,1.0,1.0,1.0,0.0,0.0,1.0]"
521,Zn,Ti,"[1.0,0.0,0.0,1.0,0.0,1.0,1.0,1.0,0.0,0.0,1.0]"
522,Zr,Ti,"[1.0,0.0,0.0,0.0,0.0,0.0,0.0,0.0,0.0,0.0,1.0]"
523,Be,Ag,"[1.0,0.0,0.0,0.0,0.0,0.0,0.0,0.0,0.0,0.0,1.0]"
524,Bi,Ag,"[1.0,0.0,0.0,0.0,0.0,0.0,0.0,0.0,0.0,0.0,1.0]"
525,C,Ag,"[1.0,0.0,0.0,0.0,0.0,0.0,0.0,0.0,0.0,0.0,1.0]"
526,Dy,Ag,"[1.0,0.0,0.0,0.0,0.0,1.0,0.0,0.0,0.0,0.0,1.0]"
527,Fe,Ag,"[1.0,0.0,0.0,0.0,0.0,0.0,0.0,0.0,0.0,0.0,1.0]"
528,He,Ag,"[1.0,0.0,0.0,0.0,0.0,0.0,0.0,0.0,0.0,0.0,1.0]"
529,Hg,Ag,"[1.0,0.0,0.0,1.0,0.0,0.0,0.0,0.0,0.0,0.0,1.0]"
530,Mo,Ag,"[1.0,0.0,0.0,0.0,0.0,0.0,0.0,0.0,0.0,0.0,1.0]"
531,Nb,Ag,"[1.0,0.0,0.0,0.0,0.0,0.0,0.0,0.0,0.0,0.0,1.0]"
532,Pr,Ag,"[1.0,0.0,0.0,1.0,0.0,1.0,0.0,0.0,0.0,0.0,1.0]"
533,Rb,Ag,"[1.0,0.0,0.0,1.0,0.0,0.0,0.0,0.0,0.0,0.0,1.0]"
534,Si,Ag,"[1.0,0.0,0.0,0.0,0.0,0.0,0.0,0.0,0.0,0.0,1.0]"
535,Tl,Ag,"[1.0,0.0,0.0,0.0,0.0,0.0,0.0,1.0,0.0,0.0,1.0]"
536,W,Ag,"[1.0,0.0,0.0,0.0,0.0,0.0,0.0,0.0,0.0,0.0,1.0]"
537,Rh,Au,"[1.0,0.0,0.0,0.0,0.0,0.0,0.0,0.0,0.0,0.0,1.0]"
538,Si,Au,"[1.0,0.0,0.0,0.0,0.0,0.0,0.0,0.0,0.0,0.0,1.0]"
539,Ta,Au,"[1.0,0.0,0.0,0.0,0.0,0.0,0.0,0.0,0.0,0.0,1.0]"
540,Tb,Au,"[1.0,0.0,0.0,1.0,0.0,1.0,0.0,0.0,0.0,0.0,1.0]"
541,Tm,Au,"[1.0,0.0,0.0,0.0,0.0,1.0,0.0,0.0,0.0,0.0,1.0]"
542,Cr,Al,"[1.0,0.0,0.0,1.0,0.0,0.0,0.0,0.0,0.0,0.0,1.0]"
543,Ge,Al,"[1.0,0.0,0.0,0.0,0.0,0.0,0.0,0.0,0.0,0.0,1.0]"
544,He,Al,"[1.0,0.0,0.0,0.0,0.0,0.0,0.0,0.0,0.0,0.0,1.0]"
545,Hg,Al,"[1.0,0.0,0.0,0.0,0.0,0.0,0.0,0.0,0.0,0.0,1.0]"
546,Lu,Al,"[1.0,0.0,0.0,1.0,0.0,0.0,0.0,0.0,0.0,0.0,1.0]"
547,Nb,Al,"[1.0,0.0,0.0,1.0,0.0,1.0,0.0,0.0,1.0,0.0,1.0]"
548,Ta,Al,"[1.0,0.0,0.0,1.0,0.0,0.0,0.0,1.0,0.0,0.0,1.0]"
549,Bi,W,"[1.0,0.0,0.0,1.0,0.0,0.0,0.0,0.0,0.0,0.0,1.0]"
550,Ce,W,"[1.0,0.0,0.0,0.0,0.0,0.0,0.0,0.0,0.0,0.0,1.0]"
551,Co,W,"[1.0,0.0,0.0,0.0,0.0,0.0,0.0,0.0,0.0,0.0,1.0]"
552,Ga,W,"[1.0,0.0,0.0,0.0,0.0,0.0,0.0,0.0,1.0,0.0,1.0]"
553,Na,W,"[1.0,0.0,0.0,0.0,0.0,0.0,0.0,0.0,0.0,0.0,1.0]"
554,Pm,W,"[1.0,0.0,0.0,0.0,0.0,0.0,0.0,0.0,0.0,0.0,1.0]"
555,Sb,W,"[1.0,0.0,0.0,0.0,0.0,0.0,0.0,0.0,0.0,0.0,1.0]"
556,Si,W,"[1.0,0.0,0.0,1.0,0.0,0.0,0.0,0.0,0.0,0.0,1.0]"
557,Ti,W,"[1.0,0.0,0.0,0.0,0.0,0.0,0.0,0.0,0.0,0.0,1.0]"
558,Tl,W,"[1.0,0.0,0.0,0.0,0.0,0.0,0.0,0.0,0.0,0.0,1.0]"
559,Cd,Mo,"[1.0,0.0,0.0,0.0,0.0,0.0,0.0,0.0,0.0,0.0,1.0]"
560,Dy,Mo,"[1.0,0.0,0.0,0.0,0.0,0.0,0.0,0.0,0.0,0.0,1.0]"
561,Os,Mo,"[1.0,0.0,0.0,0.0,0.0,0.0,0.0,0.0,0.0,0.0,1.0]"
562,Pr,Mo,"[1.0,0.0,0.0,0.0,0.0,0.0,0.0,0.0,0.0,0.0,1.0]"
563,Sb,Mo,"[1.0,0.0,0.0,0.0,1.0,1.0,1.0,1.0,0.0,0.0,1.0]"
564,Ti,Mo,"[1.0,0.0,0.0,0.0,0.0,0.0,0.0,0.0,0.0,0.0,1.0]"
565,V,Mo,"[1.0,0.0,0.0,0.0,0.0,0.0,0.0,0.0,0.0,0.0,1.0]"
566,Ar,Pt,"[1.0,0.0,0.0,0.0,0.0,0.0,0.0,0.0,0.0,0.0,1.0]"
567,Au,Pt,"[1.0,0.0,0.0,0.0,0.0,0.0,0.0,0.0,0.0,0.0,1.0]"
568,Ce,Pt,"[1.0,0.0,0.0,1.0,0.0,1.0,0.0,0.0,0.0,0.0,1.0]"
569,In,Pt,"[1.0,0.0,0.0,0.0,0.0,1.0,0.0,0.0,0.0,0.0,1.0]"
570,Lu,Pt,"[1.0,0.0,0.0,1.0,0.0,1.0,0.0,1.0,0.0,0.0,1.0]"
571,Mg,Pt,"[1.0,0.0,0.0,1.0,0.0,1.0,0.0,0.0,1.0,0.0,1.0]"
572,Sb,Pt,"[1.0,0.0,0.0,1.0,0.0,0.0,0.0,0.0,0.0,0.0,1.0]"
573,Sn,Pt,"[1.0,0.0,0.0,1.0,0.0,1.0,0.0,0.0,0.0,0.0,1.0]"
574,Yb,Pt,"[1.0,0.0,0.0,1.0,0.0,1.0,0.0,0.0,0.0,0.0,1.0]"
575,Zn,Pt,"[1.0,0.0,0.0,1.0,0.0,1.0,0.0,0.0,1.0,0.0,1.0]"
576,Al,Zn,"[1.0,0.0,0.0,0.0,0.0,0.0,0.0,0.0,1.0,0.0,1.0]"
577,B,Zn,"[1.0,0.0,0.0,0.0,0.0,1.0,0.0,0.0,0.0,0.0,1.0]"
578,Cr,Zn,"[1.0,0.0,0.0,0.0,0.0,0.0,0.0,0.0,0.0,0.0,1.0]"
579,Gd,Zn,"[1.0,1.0,0.0,1.0,0.0,1.0,0.0,0.0,0.0,0.0,1.0]"
580,Ge,Zn,"[1.0,0.0,0.0,1.0,0.0,0.0,0.0,0.0,0.0,0.0,1.0]"
581,Li,Zn,"[1.0,1.0,0.0,1.0,0.0,0.0,0.0,1.0,1.0,0.0,1.0]"
582,Pr,Zn,"[1.0,1.0,0.0,1.0,0.0,1.0,0.0,0.0,0.0,0.0,1.0]"
583,Re,Zn,"[1.0,0.0,0.0,0.0,0.0,0.0,0.0,0.0,0.0,0.0,1.0]"
584,S,Zn,"[1.0,0.0,0.0,0.0,0.0,1.0,1.0,1.0,0.0,0.0,1.0]"
585,Sm,Zn,"[1.0,1.0,0.0,1.0,0.0,1.0,0.0,0.0,0.0,0.0,1.0]"
586,Tl,Zn,"[1.0,0.0,0.0,0.0,0.0,0.0,0.0,0.0,0.0,0.0,1.0]"
587,U,Zn,"[1.0,0.0,0.0,0.0,0.0,0.0,0.0,0.0,0.0,0.0,1.0]"
588,Ba,Re,"[1.0,0.0,0.0,0.0,0.0,0.0,0.0,0.0,0.0,0.0,1.0]"
589,Eu,Re,"[1.0,0.0,0.0,0.0,0.0,0.0,0.0,0.0,0.0,0.0,1.0]"
590,Ge,Re,"[1.0,0.0,0.0,1.0,0.0,0.0,0.0,0.0,0.0,0.0,1.0]"
591,In,Re,"[1.0,0.0,0.0,0.0,0.0,0.0,0.0,0.0,0.0,0.0,1.0]"
592,Pb,Re,"[1.0,0.0,0.0,0.0,0.0,0.0,0.0,0.0,0.0,0.0,1.0]"
593,Pd,Re,"[1.0,0.0,0.0,0.0,0.0,0.0,0.0,0.0,0.0,0.0,1.0]"
594,Pr,Re,"[1.0,0.0,0.0,0.0,0.0,0.0,0.0,0.0,0.0,0.0,1.0]"
595,Rh,Re,"[1.0,0.0,0.0,0.0,0.0,0.0,0.0,0.0,0.0,0.0,1.0]"
596,Sc,Re,"[1.0,0.0,0.0,0.0,0.0,1.0,0.0,0.0,0.0,0.0,1.0]"
597,Se,Re,"[1.0,0.0,0.0,0.0,0.0,0.0,0.0,1.0,1.0,0.0,1.0]"
598,Si,Re,"[1.0,0.0,0.0,1.0,0.0,0.0,0.0,0.0,0.0,0.0,1.0]"
599,Sn,Re,"[1.0,0.0,0.0,1.0,0.0,0.0,0.0,0.0,0.0,0.0,1.0]"
600,Br,Pd,"[1.0,0.0,1.0,1.0,0.0,1.0,1.0,1.0,0.0,0.0,1.0]"
601,Cs,Pd,"[1.0,1.0,0.0,0.0,0.0,0.0,0.0,0.0,0.0,0.0,1.0]"
602,Cu,Pd,"[1.0,0.0,0.0,1.0,0.0,1.0,0.0,1.0,1.0,1.0,1.0]"
603,Ga,Pd,"[1.0,0.0,0.0,1.0,0.0,1.0,1.0,1.0,0.0,0.0,1.0]"
604,U,Pd,"[1.0,0.0,1.0,1.0,0.0,0.0,0.0,0.0,0.0,0.0,1.0]"
605,Al,Tc,"[1.0,0.0,0.0,1.0,0.0,0.0,0.0,1.0,1.0,0.0,1.0]"
606,Ba,Tc,"[1.0,0.0,0.0,0.0,0.0,0.0,0.0,0.0,0.0,0.0,1.0]"
607,Ca,Tc,"[1.0,0.0,0.0,0.0,0.0,0.0,0.0,0.0,0.0,0.0,1.0]"
608,Ce,Tc,"[1.0,0.0,0.0,0.0,0.0,0.0,0.0,0.0,0.0,0.0,1.0]"
609,Cs,Tc,"[1.0,0.0,0.0,0.0,0.0,0.0,0.0,0.0,0.0,0.0,1.0]"
610,Eu,Tc,"[1.0,0.0,0.0,0.0,0.0,0.0,0.0,0.0,0.0,0.0,1.0]"
611,Hg,Tc,"[1.0,0.0,0.0,0.0,0.0,0.0,0.0,0.0,0.0,0.0,1.0]"
612,Ne,Tc,"[1.0,0.0,0.0,0.0,0.0,0.0,0.0,0.0,0.0,0.0,1.0]"
613,Np,Tc,"[1.0,0.0,0.0,0.0,0.0,0.0,0.0,0.0,0.0,0.0,1.0]"
614,Pa,Tc,"[1.0,0.0,0.0,0.0,0.0,0.0,0.0,0.0,0.0,0.0,1.0]"
615,Pd,Tc,"[1.0,0.0,0.0,0.0,0.0,0.0,0.0,0.0,0.0,0.0,1.0]"
616,Pr,Tc,"[1.0,0.0,0.0,0.0,0.0,0.0,0.0,0.0,0.0,0.0,1.0]"
617,Sb,Tc,"[1.0,0.0,0.0,0.0,0.0,0.0,0.0,0.0,0.0,0.0,1.0]"
618,Sn,Tc,"[1.0,0.0,0.0,0.0,0.0,0.0,0.0,0.0,0.0,0.0,1.0]"
619,Ti,Tc,"[1.0,0.0,0.0,1.0,0.0,0.0,0.0,0.0,0.0,0.0,1.0]"
620,Tl,Tc,"[1.0,0.0,0.0,0.0,0.0,0.0,0.0,0.0,0.0,0.0,1.0]"
621,Zn,Tc,"[1.0,0.0,0.0,0.0,0.0,0.0,0.0,0.0,0.0,0.0,1.0]"
622,Cs,Ir,"[1.0,0.0,0.0,0.0,0.0,0.0,0.0,0.0,0.0,0.0,1.0]"
623,Pt,Ir,"[1.0,0.0,0.0,0.0,0.0,0.0,1.0,0.0,0.0,0.0,1.0]"
624,Ru,Ir,"[1.0,0.0,0.0,1.0,0.0,1.0,1.0,0.0,0.0,0.0,1.0]"
625,Sb,Ir,"[1.0,0.0,0.0,1.0,0.0,0.0,0.0,1.0,0.0,0.0,1.0]"
626,Sr,Ir,"[1.0,0.0,0.0,1.0,0.0,0.0,0.0,0.0,0.0,0.0,1.0]"
627,U,Ir,"[1.0,0.0,1.0,1.0,0.0,1.0,0.0,0.0,0.0,0.0,1.0]"
628,Al,Os,"[1.0,0.0,0.0,0.0,0.0,0.0,0.0,0.0,1.0,1.0,1.0]"
629,Cd,Os,"[1.0,0.0,0.0,0.0,0.0,0.0,0.0,0.0,0.0,0.0,1.0]"
630,Lu,Os,"[1.0,0.0,0.0,0.0,0.0,0.0,0.0,1.0,0.0,0.0,1.0]"
631,Pb,Os,"[1.0,0.0,0.0,0.0,0.0,0.0,0.0,0.0,0.0,0.0,1.0]"
632,Tc,Os,"[1.0,0.0,0.0,0.0,0.0,0.0,0.0,0.0,0.0,0.0,1.0]"
633,Ce,V,"[1.0,0.0,0.0,0.0,0.0,0.0,0.0,0.0,0.0,0.0,1.0]"
634,Cr,V,"[1.0,0.0,0.0,0.0,0.0,0.0,0.0,0.0,0.0,0.0,1.0]"
635,Cs,V,"[1.0,0.0,0.0,0.0,0.0,0.0,0.0,0.0,0.0,0.0,1.0]"
636,Gd,V,"[1.0,0.0,0.0,0.0,0.0,0.0,0.0,0.0,0.0,0.0,1.0]"
637,Kr,V,"[1.0,0.0,0.0,0.0,0.0,0.0,0.0,0.0,0.0,0.0,1.0]"
638,Mn,V,"[1.0,0.0,0.0,1.0,0.0,0.0,0.0,0.0,0.0,0.0,1.0]"
639,Se,V,"[1.0,0.0,0.0,1.0,1.0,1.0,1.0,1.0,0.0,0.0,1.0]"
640,Fe,Rh,"[1.0,0.0,0.0,0.0,0.0,0.0,0.0,0.0,0.0,0.0,1.0]"
641,Hg,Rh,"[1.0,0.0,0.0,0.0,0.0,0.0,0.0,0.0,0.0,0.0,1.0]"
642,Nd,Rh,"[1.0,0.0,0.0,1.0,0.0,0.0,0.0,0.0,0.0,0.0,1.0]"
643,Np,Rh,"[1.0,0.0,0.0,1.0,1.0,1.0,1.0,0.0,0.0,0.0,1.0]"
644,Tl,Rh,"[1.0,0.0,0.0,1.0,0.0,0.0,0.0,1.0,0.0,0.0,1.0]"
645,Y,Rh,"[1.0,0.0,0.0,1.0,0.0,1.0,1.0,0.0,0.0,0.0,1.0]"
646,Ba,Ru,"[1.0,0.0,0.0,0.0,0.0,0.0,0.0,0.0,0.0,0.0,1.0]"
647,Cs,Ru,"[1.0,0.0,0.0,0.0,0.0,0.0,0.0,0.0,0.0,0.0,1.0]"
648,Cu,Ru,"[1.0,0.0,0.0,0.0,0.0,0.0,0.0,0.0,0.0,0.0,1.0]"
649,K,Ru,"[1.0,0.0,0.0,0.0,0.0,0.0,0.0,0.0,0.0,0.0,1.0]"
650,Lu,Ru,"[1.0,1.0,1.0,1.0,0.0,1.0,0.0,1.0,0.0,0.0,1.0]"
651,Mo,Ru,"[1.0,0.0,0.0,0.0,0.0,0.0,0.0,0.0,1.0,0.0,1.0]"
652,Na,Ru,"[1.0,0.0,0.0,0.0,0.0,0.0,0.0,0.0,0.0,0.0,1.0]"
653,Ni,Ru,"[1.0,0.0,0.0,0.0,0.0,0.0,0.0,0.0,0.0,0.0,1.0]"
654,Rb,Ru,"[1.0,0.0,0.0,0.0,0.0,0.0,0.0,0.0,0.0,0.0,1.0]"
655,Sb,Ru,"[1.0,0.0,0.0,0.0,0.0,0.0,0.0,0.0,0.0,0.0,1.0]"
656,Sn,Ru,"[1.0,0.0,0.0,0.0,0.0,0.0,0.0,0.0,0.0,0.0,1.0]"
657,Th,Ru,"[1.0,0.0,0.0,1.0,0.0,0.0,0.0,1.0,0.0,0.0,1.0]"
658,Xe,Ru,"[1.0,0.0,0.0,0.0,0.0,0.0,0.0,0.0,0.0,0.0,1.0]"
659,Zr,Ru,"[1.0,0.0,0.0,1.0,0.0,1.0,0.0,1.0,1.0,0.0,1.0]"
660,Ca,Mn,"[1.0,0.0,0.0,0.0,0.0,0.0,0.0,0.0,0.0,0.0,1.0]"
661,Cr,Mn,"[1.0,0.0,0.0,1.0,0.0,0.0,0.0,0.0,0.0,0.0,1.0]"
662,Er,Mn,"[1.0,0.0,0.0,0.0,0.0,0.0,0.0,0.0,0.0,0.0,1.0]"
663,Mg,Mn,"[1.0,0.0,0.0,0.0,0.0,0.0,0.0,0.0,0.0,0.0,1.0]"
664,Pm,Mn,"[1.0,0.0,0.0,0.0,0.0,0.0,0.0,0.0,0.0,0.0,1.0]"
665,Pr,Mn,"[1.0,0.0,0.0,0.0,0.0,0.0,0.0,0.0,0.0,0.0,1.0]"
666,Re,Mn,"[1.0,0.0,0.0,0.0,0.0,0.0,0.0,0.0,0.0,0.0,1.0]"
667,U,Mn,"[1.0,0.0,0.0,0.0,0.0,0.0,0.0,0.0,0.0,0.0,1.0]"
668,Au,Cr,"[1.0,0.0,0.0,1.0,0.0,0.0,0.0,0.0,0.0,0.0,1.0]"
669,C,Cr,"[1.0,0.0,0.0,0.0,0.0,0.0,0.0,0.0,0.0,0.0,1.0]"
670,Fe,Cr,"[1.0,0.0,0.0,0.0,0.0,0.0,0.0,0.0,0.0,0.0,1.0]"
671,Gd,Cr,"[1.0,0.0,0.0,0.0,0.0,0.0,0.0,0.0,0.0,0.0,1.0]"
672,I,Cr,"[1.0,0.0,0.0,0.0,0.0,0.0,1.0,0.0,1.0,0.0,1.0]"
673,Rb,Cr,"[1.0,0.0,0.0,0.0,0.0,0.0,0.0,0.0,0.0,0.0,1.0]"
674,Se,Cr,"[1.0,0.0,0.0,0.0,0.0,1.0,1.0,0.0,0.0,0.0,1.0]"
675,Sm,Cr,"[1.0,0.0,0.0,0.0,0.0,0.0,0.0,0.0,0.0,0.0,1.0]"
676,U,Cr,"[1.0,0.0,0.0,0.0,0.0,0.0,0.0,0.0,0.0,0.0,1.0]"
677,Bi,Cu,"[1.0,0.0,0.0,1.0,0.0,0.0,0.0,0.0,0.0,0.0,1.0]"
678,Cr,Cu,"[1.0,0.0,0.0,0.0,0.0,0.0,0.0,0.0,0.0,0.0,1.0]"
679,Er,Cu,"[1.0,0.0,1.0,1.0,0.0,1.0,0.0,1.0,0.0,0.0,1.0]"
680,Ga,Cu,"[1.0,0.0,0.0,1.0,0.0,1.0,0.0,0.0,0.0,0.0,1.0]"
681,Ho,Cu,"[1.0,0.0,1.0,1.0,0.0,1.0,0.0,1.0,0.0,0.0,1.0]"
682,La,Cu,"[1.0,0.0,1.0,0.0,0.0,1.0,0.0,0.0,0.0,0.0,1.0]"
683,Li,Cu,"[1.0,0.0,0.0,0.0,0.0,0.0,0.0,0.0,0.0,0.0,1.0]"
684,Mo,Cu,"[1.0,0.0,0.0,0.0,0.0,0.0,0.0,0.0,0.0,0.0,1.0]"
685,Nd,Cu,"[1.0,0.0,1.0,1.0,0.0,1.0,0.0,1.0,0.0,0.0,1.0]"
686,Pa,Cu,"[1.0,0.0,0.0,0.0,0.0,0.0,0.0,0.0,0.0,0.0,1.0]"
687,Rb,Cu,"[1.0,0.0,0.0,1.0,0.0,0.0,0.0,0.0,0.0,0.0,1.0]"
688,S,Cu,"[1.0,0.0,0.0,1.0,0.0,1.0,0.0,1.0,0.0,0.0,1.0]"
689,V,Cu,"[1.0,0.0,0.0,1.0,0.0,0.0,0.0,0.0,0.0,0.0,1.0]"
690,Ar,Fe,"[1.0,0.0,0.0,0.0,0.0,0.0,0.0,0.0,0.0,0.0,1.0]"
691,Ca,Fe,"[1.0,0.0,0.0,0.0,0.0,0.0,0.0,0.0,0.0,0.0,1.0]"
692,Ce,Fe,"[1.0,0.0,0.0,1.0,0.0,0.0,0.0,0.0,0.0,0.0,1.0]"
693,Cu,Fe,"[1.0,0.0,0.0,0.0,0.0,0.0,0.0,0.0,0.0,0.0,1.0]"
694,Eu,Fe,"[1.0,0.0,0.0,0.0,0.0,0.0,0.0,0.0,0.0,0.0,1.0]"
695,Se,Fe,"[1.0,0.0,0.0,0.0,0.0,1.0,0.0,1.0,0.0,0.0,1.0]"
696,Xe,Fe,"[1.0,0.0,0.0,0.0,0.0,0.0,0.0,0.0,0.0,0.0,1.0]"
697,Yb,Fe,"[1.0,0.0,0.0,0.0,0.0,0.0,0.0,0.0,0.0,0.0,1.0]"
698,Hg,Co,"[1.0,0.0,0.0,0.0,0.0,0.0,0.0,0.0,0.0,0.0,1.0]"
699,Mg,Co,"[1.0,0.0,0.0,1.0,0.0,0.0,0.0,1.0,0.0,0.0,1.0]"
700,Ne,Co,"[1.0,0.0,0.0,0.0,0.0,0.0,0.0,0.0,0.0,0.0,1.0]"
701,Pd,Co,"[1.0,0.0,0.0,0.0,0.0,0.0,0.0,0.0,0.0,0.0,1.0]"
702,Pr,Co,"[1.0,0.0,0.0,1.0,0.0,0.0,0.0,0.0,0.0,0.0,1.0]"
703,Re,Co,"[1.0,0.0,0.0,1.0,0.0,0.0,0.0,0.0,0.0,0.0,1.0]"
704,Th,Co,"[1.0,0.0,0.0,1.0,0.0,0.0,0.0,0.0,0.0,0.0,1.0]"
705,V,Co,"[1.0,0.0,0.0,1.0,0.0,0.0,0.0,0.0,0.0,0.0,1.0]"
706,Xe,Co,"[1.0,0.0,0.0,0.0,0.0,0.0,0.0,0.0,0.0,0.0,1.0]"
707,Bi,Ni,"[1.0,0.0,0.0,0.0,0.0,0.0,0.0,0.0,0.0,0.0,1.0]"
708,Br,Ni,"[1.0,0.0,0.0,0.0,0.0,0.0,0.0,0.0,0.0,0.0,1.0]"
709,Cs,Ni,"[1.0,1.0,0.0,0.0,0.0,0.0,0.0,0.0,0.0,0.0,1.0]"
710,Eu,Ni,"[1.0,0.0,0.0,0.0,0.0,0.0,1.0,0.0,0.0,0.0,1.0]"
711,He,Ni,"[1.0,0.0,0.0,0.0,0.0,0.0,0.0,0.0,0.0,0.0,1.0]"
712,Ho,Ni,"[1.0,0.0,0.0,1.0,0.0,0.0,1.0,1.0,0.0,0.0,1.0]"
713,Ne,Ni,"[1.0,0.0,0.0,0.0,0.0,0.0,0.0,0.0,0.0,0.0,1.0]"
714,Pr,Ni,"[1.0,0.0,0.0,1.0,0.0,0.0,1.0,0.0,0.0,0.0,1.0]"
715,Tb,Ni,"[1.0,0.0,0.0,1.0,0.0,0.0,1.0,1.0,0.0,0.0,1.0]"
716,Te,Ni,"[1.0,0.0,0.0,0.0,0.0,1.0,0.0,1.0,0.0,0.0,1.0]"
717,Th,Ni,"[1.0,0.0,0.0,1.0,1.0,0.0,0.0,1.0,0.0,0.0,1.0]"
718,Zn,Ni,"[1.0,0.0,0.0,1.0,0.0,1.0,1.0,0.0,1.0,0.0,1.0]"
719,Al,C,"[1.0,0.0,0.0,0.0,0.0,0.0,0.0,0.0,0.0,0.0,1.0]"
720,I,C,"[1.0,0.0,0.0,0.0,0.0,0.0,0.0,0.0,0.0,0.0,1.0]"
721,Pb,C,"[1.0,0.0,0.0,0.0,0.0,0.0,0.0,0.0,0.0,0.0,1.0]"
722,Al,Be,"[1.0,0.0,0.0,0.0,0.0,0.0,0.0,0.0,0.0,0.0,1.0]"
723,Ca,Be,"[1.0,0.0,0.0,0.0,0.0,0.0,0.0,0.0,0.0,0.0,1.0]"
724,Cu,Be,"[1.0,0.0,0.0,1.0,0.0,0.0,0.0,0.0,0.0,0.0,1.0]"
725,Pa,Be,"[1.0,0.0,0.0,0.0,0.0,0.0,0.0,0.0,0.0,0.0,1.0]"
726,Pb,Be,"[1.0,0.0,0.0,0.0,0.0,0.0,0.0,0.0,0.0,0.0,1.0]"
727,Tb,Be,"[1.0,0.0,0.0,0.0,0.0,0.0,0.0,0.0,0.0,0.0,1.0]"
728,Er,B,"[1.0,0.0,0.0,1.0,0.0,0.0,0.0,0.0,0.0,0.0,1.0]"
729,Hg,B,"[1.0,0.0,0.0,0.0,0.0,0.0,0.0,0.0,0.0,0.0,1.0]"
730,K,B,"[1.0,0.0,0.0,0.0,0.0,0.0,0.0,0.0,0.0,0.0,1.0]"
731,Kr,B,"[1.0,0.0,0.0,0.0,0.0,0.0,0.0,0.0,0.0,0.0,1.0]"
732,Pt,B,"[1.0,0.0,0.0,0.0,0.0,1.0,0.0,0.0,0.0,0.0,1.0]"
733,Ru,B,"[1.0,0.0,0.0,0.0,0.0,0.0,0.0,1.0,0.0,0.0,1.0]"
734,Sn,B,"[1.0,0.0,0.0,0.0,0.0,0.0,0.0,0.0,0.0,0.0,1.0]"
735,Ta,B,"[1.0,0.0,1.0,1.0,0.0,0.0,0.0,1.0,0.0,0.0,1.0]"
